municipio;email_alvara;email_alternativo;telefone;observacao
Balneario Camboriu;alvara@bc.sc.gov.br;arrecadacao@bc.sc.gov.br;(47) 3267-7066;Setor de Alvaras da Secretaria da Fazenda. Atendimento 12h-17h
Balneario Picarras;cadastro@picarras.sc.gov.br;fazenda@picarras.sc.gov.br;(47) 3347-4747;Nao ha e-mail especifico de alvara; cadastro = Depto de Arrecadacao, Fiscalizacao e Cadastro
Blumenau;sefaz@blumenau.sc.gov.br;pracadoempreendedor@blumenau.sc.gov.br;(47) 3381-6809 / 3381-7981;Sem e-mail especifico de alvara; SEFAZ cuida da TLF
Camboriu;alvara@camboriu.sc.gov.br;tributos@camboriu.sc.gov.br / fazenda@camboriu.sc.gov.br;(47) 3365-9525 ramal 160/161;Atendimento 12h-18h
Itajai;alvara@itajai.sc.gov.br;visa@itajai.sc.gov.br (vigilancia sanitaria);-;E-mail indicado pela SEFAZ Itajai para duvidas de taxas e alvaras
Itapema;alvara@itapema.sc.gov.br;financas@itapema.sc.gov.br;(47) 3268-8033 / 3267-1592;Setor de Alvara na Sec. de Turismo e Desenv. Economico, 12h-18h
Joinville;cadastromobiliario@joinville.sc.gov.br;sefaz.atendimento@joinville.sc.gov.br / fazenda@joinville.sc.gov.br;(47) 3431-3233 / WhatsApp (47) 98901-1256;Cadastro Mobiliario da SEFAZ cuida do alvara
Palhoca;cadastroeconomico@palhoca.sc.gov.br;saladoempreendedor@palhoca.sc.gov.br;(48) 3220-0300 op.1 ramal 1903/1919;Alvara emitido pelo Cadastro Economico da Sec. de Fazenda
Penha;empreendedorpenha@gmail.com;penha@penha.sc.gov.br;WhatsApp (47) 3170-1968;Sala do Empreendedor (e-mail Gmail divulgado pela prefeitura); sem e-mail oficial de alvara localizado
Sao Jose;receita.gabinete@pmsj.sc.gov.br;-;(48) 3381-0135;Dominio oficial e @pmsj.sc.gov.br; alvara pelo CAC da Sec. da Receita
Tijucas;(nao localizado);-;(48) 3263-8162 / 3263-8177 / Fiscalizacao (48) 3263-8120 (WhatsApp);E-mail do setor de tributos nao localizado; contatos de alvara: Lelia Regina (48) 99989-3641 e Michel Vitor (48) 99685-2722
